{
  "best": {
    "tumor_dice": 0.8364831308428671,
    "stroma_dice": 0.3369150423900516,
    "other_dice": 0.0001091881858382923,
    "avg_dice": 0.391169120472919,
    "tumor_iou": 0.7724997550496507,
    "stroma_iou": 0.2585939044238006,
    "other_iou": 5.463286713286713e-05,
    "avg_iou": 0.3437160974468614
  },
  "last": {
    "tumor_dice": 0.8455935875636929,
    "stroma_dice": 0.3471316449470492,
    "other_dice": 0.015062384005577202,
    "avg_dice": 0.4025958721721064,
    "tumor_iou": 0.7864660948054499,
    "stroma_iou": 0.2670978348895417,
    "other_iou": 0.007882977504976659,
    "avg_iou": 0.3538156357333228
  }
}