{
  "best": {
    "tumor_dice": 0.8290156715221926,
    "stroma_dice": 0.33639289261769245,
    "other_dice": 0.051057898199290255,
    "avg_dice": 0.4054888207797251,
    "tumor_iou": 0.7718015920376928,
    "stroma_iou": 0.2698268029747016,
    "other_iou": 0.038701448954415414,
    "avg_iou": 0.36010994798893664
  },
  "last": {
    "tumor_dice": 0.8439086034143255,
    "stroma_dice": 0.4012213920520145,
    "other_dice": 0.032441255687896804,
    "avg_dice": 0.4258570837180789,
    "tumor_iou": 0.7899751681525665,
    "stroma_iou": 0.3166885442181773,
    "other_iou": 0.02108565984122563,
    "avg_iou": 0.3759164574039899
  }
}