{
  "best": {
    "tumor_dice": 0.8188643196060185,
    "stroma_dice": 0.35094781246717116,
    "other_dice": 0.07542471239554889,
    "avg_dice": 0.4150789481562462,
    "tumor_iou": 0.7555938401795721,
    "stroma_iou": 0.2868120966794196,
    "other_iou": 0.051654558734153075,
    "avg_iou": 0.3646868318643816
  },
  "last": {
    "tumor_dice": 0.8343885874790439,
    "stroma_dice": 0.36609820780112606,
    "other_dice": 0.09320972628810692,
    "avg_dice": 0.43123217385609225,
    "tumor_iou": 0.7765163358605179,
    "stroma_iou": 0.3029004125471752,
    "other_iou": 0.06320184213224586,
    "avg_iou": 0.38087286351331295
  }
}