{
  "best": {
    "tumor_dice": 0.8124312579441977,
    "stroma_dice": 0.2542357007287437,
    "other_dice": 0.0,
    "avg_dice": 0.35555565289098046,
    "tumor_iou": 0.7294467321587441,
    "stroma_iou": 0.18961469147729193,
    "other_iou": 0.0,
    "avg_iou": 0.30635380787867866
  },
  "last": {
    "tumor_dice": 0.7990028469417578,
    "stroma_dice": 0.29776799977694607,
    "other_dice": 0.005981222669229442,
    "avg_dice": 0.3675840231293111,
    "tumor_iou": 0.7178765860941678,
    "stroma_iou": 0.23002815002630628,
    "other_iou": 0.003055231926335523,
    "avg_iou": 0.3169866560156032
  }
}