{
  "best": {
    "tumor_dice": 0.8378569598637533,
    "stroma_dice": 0.34610195689470696,
    "other_dice": 0.09259741740799603,
    "avg_dice": 0.42551877805548544,
    "tumor_iou": 0.7737433579039295,
    "stroma_iou": 0.28422934238674863,
    "other_iou": 0.06789519392817694,
    "avg_iou": 0.37528929807295164
  },
  "last": {
    "tumor_dice": 0.8409735410867477,
    "stroma_dice": 0.37057525890488685,
    "other_dice": 0.07516737269944337,
    "avg_dice": 0.42890539089702595,
    "tumor_iou": 0.7782278295330385,
    "stroma_iou": 0.30401596258610597,
    "other_iou": 0.06000351564103102,
    "avg_iou": 0.3807491025867252
  }
}