{
  "best": {
    "tumor_dice": 0.8495668354695494,
    "stroma_dice": 0.2755797821584374,
    "other_dice": 0.0008113557626197847,
    "avg_dice": 0.3753193244635355,
    "tumor_iou": 0.7847552325381933,
    "stroma_iou": 0.20727768619837156,
    "other_iou": 0.00040788386457196724,
    "avg_iou": 0.3308136008670456
  },
  "last": {
    "tumor_dice": 0.8433904948565852,
    "stroma_dice": 0.2822166447626469,
    "other_dice": 0.0056805742935696815,
    "avg_dice": 0.3770959046376006,
    "tumor_iou": 0.7747215484647996,
    "stroma_iou": 0.21461155238701768,
    "other_iou": 0.0029103280282956573,
    "avg_iou": 0.3307478096267043
  }
}