{
  "best": {
    "tumor_dice": 0.8365597605312055,
    "stroma_dice": 0.3864912216684399,
    "other_dice": 0.05491164428368931,
    "avg_dice": 0.4259875421611115,
    "tumor_iou": 0.7750326798365221,
    "stroma_iou": 0.31964678130605545,
    "other_iou": 0.0320917602442311,
    "avg_iou": 0.3755904071289362
  },
  "last": {
    "tumor_dice": 0.8580546340892169,
    "stroma_dice": 0.42790525756389797,
    "other_dice": 0.06668887296079344,
    "avg_dice": 0.4508829215379695,
    "tumor_iou": 0.8062218020520749,
    "stroma_iou": 0.3518773904608927,
    "other_iou": 0.0443534526130912,
    "avg_iou": 0.40081754837535294
  }
}