{
  "crf_best": {
    "tumor_dice": 0.8412197646676244,
    "stroma_dice": 0.5116248606166219,
    "other_dice": 0.15386264308238135,
    "avg_dice": 0.5022357561222092,
    "tumor_iou": 0.7808532927922488,
    "stroma_iou": 0.4221181139725073,
    "other_iou": 0.1193594816963546,
    "avg_iou": 0.4407769628203702,
    "crf_params": {
      "sigma_spatial": 10,
      "sigma_colour": 50,
      "n_iters": 10
    }
  },
  "baseline": {
    "tumor_dice": 0.8395648088718083,
    "stroma_dice": 0.40346227699119963,
    "other_dice": 0.14678733225674997,
    "avg_dice": 0.4632714727065859,
    "tumor_iou": 0.7777648484552057,
    "stroma_iou": 0.33048279893749416,
    "other_iou": 0.10714764321848755,
    "avg_iou": 0.40513176353706243
  },
  "val_sweep_best": {
    "tumor_dice": 0.8537863545761344,
    "stroma_dice": 0.6202298963967635,
    "other_dice": 0.12766203293085926,
    "avg_dice": 0.5338927613012524,
    "tumor_iou": 0.7897844434030954,
    "stroma_iou": 0.532320575564144,
    "other_iou": 0.11268037238207856,
    "avg_iou": 0.47826179711643935
  }
}