{
  "best": {
    "tumor_dice": 0.8400322720843248,
    "stroma_dice": 0.3519043809405638,
    "other_dice": 0.018377212048705068,
    "avg_dice": 0.4034379550245313,
    "tumor_iou": 0.7759024047136378,
    "stroma_iou": 0.286496051955941,
    "other_iou": 0.011218734097008784,
    "avg_iou": 0.3578723969221958
  },
  "last": {
    "tumor_dice": 0.8513836087693325,
    "stroma_dice": 0.4178148885885818,
    "other_dice": 0.04660617104280986,
    "avg_dice": 0.4386015561335747,
    "tumor_iou": 0.7935086507455508,
    "stroma_iou": 0.34268793662192115,
    "other_iou": 0.03568388987657046,
    "avg_iou": 0.39062682574801416
  }
}