{
  "best": {
    "tumor_dice": 0.8245993040870103,
    "stroma_dice": 0.4250301895312385,
    "other_dice": 0.03854564845820507,
    "avg_dice": 0.42939171402548465,
    "tumor_iou": 0.7591672759981077,
    "stroma_iou": 0.3387931045883949,
    "other_iou": 0.028607657084179866,
    "avg_iou": 0.3755226792235608
  },
  "last": {
    "tumor_dice": 0.8477419139455659,
    "stroma_dice": 0.518343398484775,
    "other_dice": 0.06426549633022684,
    "avg_dice": 0.47678360292018923,
    "tumor_iou": 0.7913142786999301,
    "stroma_iou": 0.42726564501745407,
    "other_iou": 0.05300117827045166,
    "avg_iou": 0.4238603673292786
  }
}