{
  "best": {
    "tumor_dice": 0.8395654520379616,
    "stroma_dice": 0.4034603423018588,
    "other_dice": 0.14679889128483276,
    "avg_dice": 0.46327489520821774,
    "tumor_iou": 0.7777658304496068,
    "stroma_iou": 0.3304805712450073,
    "other_iou": 0.10715373671213599,
    "avg_iou": 0.4051333794689167
  },
  "last": {
    "tumor_dice": 0.8414083116316619,
    "stroma_dice": 0.4538106910388331,
    "other_dice": 0.09140398857714306,
    "avg_dice": 0.4622076637492127,
    "tumor_iou": 0.7801108510266178,
    "stroma_iou": 0.36360538160600064,
    "other_iou": 0.06412281209180565,
    "avg_iou": 0.40261301490814133
  }
}