{
  "best": {
    "tumor_dice": 0.7729409519697831,
    "stroma_dice": 0.2877655917770356,
    "other_dice": 0.06199341734984289,
    "avg_dice": 0.37423332036555385,
    "tumor_iou": 0.6966895752442264,
    "stroma_iou": 0.21595833292273767,
    "other_iou": 0.03759677270718495,
    "avg_iou": 0.31674822695804966
  },
  "last": {
    "tumor_dice": 0.8066408571566724,
    "stroma_dice": 0.2533734109899319,
    "other_dice": 0.02013249828963767,
    "avg_dice": 0.36004892214541395,
    "tumor_iou": 0.7387670046553275,
    "stroma_iou": 0.19833519764247515,
    "other_iou": 0.010839412951836167,
    "avg_iou": 0.3159805384165463
  }
}