{
  "best": {
    "tumor_dice": 0.8346304385047673,
    "stroma_dice": 0.40633593737736057,
    "other_dice": 0.04812543845448168,
    "avg_dice": 0.4296972714455365,
    "tumor_iou": 0.7736452084369773,
    "stroma_iou": 0.3276677823585065,
    "other_iou": 0.039126595884701444,
    "avg_iou": 0.380146528893395
  },
  "last": {
    "tumor_dice": 0.8450868890944597,
    "stroma_dice": 0.3938916520466083,
    "other_dice": 0.07941464815359699,
    "avg_dice": 0.439464396431555,
    "tumor_iou": 0.7901990120913903,
    "stroma_iou": 0.3244452516354547,
    "other_iou": 0.05957524652069634,
    "avg_iou": 0.3914065034158471
  }
}